Genre:,Avg_Profitability,
Comedy,3.93543375907692,
Drama,8.40721841592308,
Romance,4.37139849042857,
Animation,3.216561199,
Action,1.245333333,
Fantasy,1.78394375,
